"n","start","iteration","loglik"
100,1,0,-253.586071843411
100,1,1,-227.896201686059
100,1,2,-225.399047887376
100,1,3,-224.502594085828
100,1,4,-224.350596790971
100,1,5,-224.331621719798
100,1,6,-224.328769991067
100,1,7,-224.328202126905
100,1,8,-224.328071261689
100,1,9,-224.328039539678
100,1,10,-224.328031730819
100,1,11,-224.328029799552
100,1,12,-224.328029321207
100,1,13,-224.328029202667
100,1,14,-224.328029173286
100,1,15,-224.328029166003
100,2,0,-250.978747487914
100,2,1,-242.141898263425
100,2,2,-241.00619947474
100,2,3,-239.981891878054
100,2,4,-239.062765843528
100,2,5,-238.310340392357
100,2,6,-237.759057153122
100,2,7,-237.382302766655
100,2,8,-237.113420500505
100,2,9,-236.87917747236
100,2,10,-236.617246594495
100,2,11,-236.27266265163
100,2,12,-235.78060435269
100,2,13,-235.041193715326
100,2,14,-233.889936869851
100,2,15,-232.099920114484
100,2,16,-229.576623233984
100,2,17,-226.900330342732
100,2,18,-225.190059316467
100,2,19,-224.559506225274
100,2,20,-224.387161923618
100,2,21,-224.343016576969
100,2,22,-224.331803432335
100,2,23,-224.328974137664
100,2,24,-224.328264783231
100,2,25,-224.328087761108
100,2,26,-224.328043714706
100,2,27,-224.328032773996
100,2,28,-224.328030059015
100,2,29,-224.328029385623
100,2,30,-224.328029218647
100,2,31,-224.328029177249
100,2,32,-224.328029166986
100,3,0,-243.986306070122
100,3,1,-243.184921274925
100,3,2,-243.184913384492
100,3,3,-243.184905446523
100,3,4,-243.184897458341
100,3,5,-243.184889417217
100,3,6,-243.184881320371
100,3,7,-243.184873164967
100,3,8,-243.18486494811
100,3,9,-243.184856666848
100,3,10,-243.18484831816
100,3,11,-243.184839898964
100,3,12,-243.184831406105
100,3,13,-243.184822836354
100,3,14,-243.184814186408
100,3,15,-243.184805452882
100,3,16,-243.184796632309
100,3,17,-243.184787721133
100,3,18,-243.184778715708
100,3,19,-243.184769612291
100,3,20,-243.18476040704
100,3,21,-243.184751096008
100,3,22,-243.184741675142
100,3,23,-243.18473214027
100,3,24,-243.184722487105
100,3,25,-243.184712711237
100,3,26,-243.184702808122
100,3,27,-243.184692773085
100,3,28,-243.184682601308
100,3,29,-243.184672287826
100,3,30,-243.184661827519
100,3,31,-243.184651215107
100,3,32,-243.184640445143
100,3,33,-243.184629512003
100,3,34,-243.18461840988
100,3,35,-243.184607132777
100,3,36,-243.184595674495
100,3,37,-243.184584028628
100,3,38,-243.18457218855
100,3,39,-243.184560147408
100,3,40,-243.184547898109
100,3,41,-243.184535433311
100,3,42,-243.184522745412
100,3,43,-243.184509826535
100,3,44,-243.18449666852
100,3,45,-243.184483262904
100,3,46,-243.184469600916
100,3,47,-243.184455673453
100,3,48,-243.184441471071
100,3,49,-243.184426983966
100,3,50,-243.184412201959
100,3,51,-243.184397114474
100,3,52,-243.184381710522
100,3,53,-243.184365978681
100,3,54,-243.184349907071
100,3,55,-243.184333483338
100,3,56,-243.184316694625
100,3,57,-243.184299527547
100,3,58,-243.184281968168
100,3,59,-243.184264001971
100,3,60,-243.184245613828
100,3,61,-243.184226787969
100,3,62,-243.184207507949
100,3,63,-243.184187756612
100,3,64,-243.184167516055
100,3,65,-243.184146767588
100,3,66,-243.184125491691
100,3,67,-243.184103667969
100,3,68,-243.184081275109
100,3,69,-243.184058290822
100,3,70,-243.184034691798
100,3,71,-243.184010453642
100,3,72,-243.183985550818
100,3,73,-243.183959956581
100,3,74,-243.183933642911
100,3,75,-243.18390658044
100,3,76,-243.183878738369
100,3,77,-243.183850084392
100,3,78,-243.183820584599
100,3,79,-243.183790203387
100,3,80,-243.183758903355
100,3,81,-243.183726645195
100,3,82,-243.183693387576
100,3,83,-243.183659087021
100,3,84,-243.183623697769
100,3,85,-243.183587171633
100,3,86,-243.183549457847
100,3,87,-243.1835105029
100,3,88,-243.183470250356
100,3,89,-243.183428640665
100,3,90,-243.183385610953
100,3,91,-243.183341094805
100,3,92,-243.183295022023
100,3,93,-243.183247318365
100,3,94,-243.183197905271
100,3,95,-243.18314669956
100,3,96,-243.1830936131
100,3,97,-243.183038552464
100,3,98,-243.182981418537
100,3,99,-243.182922106111
100,3,100,-243.18286050343
100,3,101,-243.182796491704
100,3,102,-243.182729944576
100,3,103,-243.182660727548
100,3,104,-243.182588697347
100,3,105,-243.182513701242
100,3,106,-243.182435576292
100,3,107,-243.182354148532
100,3,108,-243.182269232074
100,3,109,-243.182180628127
100,3,110,-243.182088123923
100,3,111,-243.18199149154
100,3,112,-243.181890486602
100,3,113,-243.181784846854
100,3,114,-243.181674290596
100,3,115,-243.181558514943
100,3,116,-243.181437193919
100,3,117,-243.18130997634
100,3,118,-243.18117648347
100,3,119,-243.181036306424
100,3,120,-243.180889003282
100,3,121,-243.180734095885
100,3,122,-243.180571066254
100,3,123,-243.180399352607
100,3,124,-243.180218344901
100,3,125,-243.180027379843
100,3,126,-243.179825735294
100,3,127,-243.179612623988
100,3,128,-243.179387186454
100,3,129,-243.179148483043
100,3,130,-243.178895484917
100,3,131,-243.178627063845
100,3,132,-243.17834198063
100,3,133,-243.178038871951
100,3,134,-243.177716235366
100,3,135,-243.177372412185
100,3,136,-243.177005567863
100,3,137,-243.176613669494
100,3,138,-243.17619445991
100,3,139,-243.175745427805
100,3,140,-243.175263773157
100,3,141,-243.174746367114
100,3,142,-243.174189705302
100,3,143,-243.173589853318
100,3,144,-243.172942382885
100,3,145,-243.172242296821
100,3,146,-243.17148394055
100,3,147,-243.170660897358
100,3,148,-243.169765863935
100,3,149,-243.168790501888
100,3,150,-243.167725259867
100,3,151,-243.166559159531
100,3,152,-243.165279536832
100,3,153,-243.163871727793
100,3,154,-243.162318684931
100,3,155,-243.160600506556
100,3,156,-243.158693855933
100,3,157,-243.156571240355
100,3,158,-243.154200110827
100,3,159,-243.151541730451
100,3,160,-243.148549742359
100,3,161,-243.145168344378
100,3,162,-243.141329944737
100,3,163,-243.13695212711
100,3,164,-243.131933688198
100,3,165,-243.126149418115
100,3,166,-243.119443159729
100,3,167,-243.111618487498
100,3,168,-243.102426058035
100,3,169,-243.091546255007
100,3,170,-243.078565103977
100,3,171,-243.062940448693
100,3,172,-243.043953870266
100,3,173,-243.020641498223
100,3,174,-242.991693250196
100,3,175,-242.955304467273
100,3,176,-242.90895547229
100,3,177,-242.849082338836
100,3,178,-242.770586214814
100,3,179,-242.666113628565
100,3,180,-242.525046607429
100,3,181,-242.332234566778
100,3,182,-242.066858075144
100,3,183,-241.702829195254
100,3,184,-241.214292137656
100,3,185,-240.592156906011
100,3,186,-239.872957600454
100,3,187,-239.156307202071
100,3,188,-238.563669313355
100,3,189,-238.155117852533
100,3,190,-237.908680198859
100,3,191,-237.771946452508
100,3,192,-237.700772844253
100,3,193,-237.665908625688
100,3,194,-237.649748033331
100,3,195,-237.64258426738
100,3,196,-237.639511185012
100,3,197,-237.638221766567
100,3,198,-237.637687430641
100,3,199,-237.637466117816
100,3,200,-237.637372366874
100,3,201,-237.637329485732
100,3,202,-237.637305924475
100,3,203,-237.637288581756
100,3,204,-237.637271779834
100,3,205,-237.637252746094
100,3,206,-237.637229757424
100,3,207,-237.63720136114
100,3,208,-237.6371660237
100,3,209,-237.637121942403
100,3,210,-237.637066910864
100,3,211,-237.636998191382
100,3,212,-237.636912371679
100,3,213,-237.636805192371
100,3,214,-237.63667133394
100,3,215,-237.636504151445
100,3,216,-237.636295343216
100,3,217,-237.636034536593
100,3,218,-237.63570876961
100,3,219,-237.635301842108
100,3,220,-237.634793502877
100,3,221,-237.63415843063
100,3,222,-237.633364955339
100,3,223,-237.632373451948
100,3,224,-237.631134319674
100,3,225,-237.629585435567
100,3,226,-237.627648938645
100,3,227,-237.62522715789
100,3,228,-237.622197439477
100,3,229,-237.618405549577
100,3,230,-237.613657219813
100,3,231,-237.607707248874
100,3,232,-237.600245354422
100,3,233,-237.590877650321
100,3,234,-237.57910215131
100,3,235,-237.564275991996
100,3,236,-237.545570942206
100,3,237,-237.521912054139
100,3,238,-237.491891446142
100,3,239,-237.453644513364
100,3,240,-237.40466776398
100,3,241,-237.341543129726
100,3,242,-237.259507242457
100,3,243,-237.15175398209
100,3,244,-237.008259718108
100,3,245,-236.813720528646
100,3,246,-236.543782307837
100,3,247,-236.157943683659
100,3,248,-235.586214274329
100,3,249,-234.706234312583
100,3,250,-233.318822011233
100,3,251,-231.197100589407
100,3,252,-228.442069169342
100,3,253,-226.013299474087
100,3,254,-224.813733115797
100,3,255,-224.450983206474
100,3,256,-224.358916968701
100,3,257,-224.335800157099
100,3,258,-224.32997766466
100,3,259,-224.328515743018
100,3,260,-224.328150302021
100,3,261,-224.328059264253
100,3,262,-224.328036634785
100,3,263,-224.32803101688
100,3,264,-224.328029623174
100,3,265,-224.328029277547
100,3,266,-224.328029191851
100,3,267,-224.328029170606
100,4,0,-453.385438026115
100,4,1,-245.884771572349
100,4,2,-244.348282044508
100,4,3,-243.77724850252
100,4,4,-243.486880993247
100,4,5,-243.305317813146
100,4,6,-243.172034421895
100,4,7,-243.060461297316
100,4,8,-242.956561481372
100,4,9,-242.851457700882
100,4,10,-242.738460546509
100,4,11,-242.611724191833
100,4,12,-242.465615030697
100,4,13,-242.294477797793
100,4,14,-242.092703407167
100,4,15,-241.855077699931
100,4,16,-241.577385068211
100,4,17,-241.257187782156
100,4,18,-240.894661780908
100,4,19,-240.49342901034
100,4,20,-240.061483610565
100,4,21,-239.612326865725
100,4,22,-239.16592621388
100,4,23,-238.748094974064
100,4,24,-238.386331499128
100,4,25,-238.101809326931
100,4,26,-237.901321520684
100,4,27,-237.775384048089
100,4,28,-237.704460828188
100,4,29,-237.668121767098
100,4,30,-237.650850778966
100,4,31,-237.643087057257
100,4,32,-237.63973061547
100,4,33,-237.638316650015
100,4,34,-237.637730132356
100,4,35,-237.637488049551
100,4,36,-237.637386907114
100,4,37,-237.637342413883
100,4,38,-237.637319933761
100,4,39,-237.637305184153
100,4,40,-237.637292109101
100,4,41,-237.637277908516
100,4,42,-237.637261002898
100,4,43,-237.637240187817
100,4,44,-237.637214263551
100,4,45,-237.637181848347
100,4,46,-237.63714125545
100,4,47,-237.637090382857
100,4,48,-237.637026591716
100,4,49,-237.636946559047
100,4,50,-237.636846093021
100,4,51,-237.63671989821
100,4,52,-237.636561275476
100,4,53,-237.636361736785
100,4,54,-237.636110509136
100,4,55,-237.635793893419
100,4,56,-237.635394432594
100,4,57,-237.634889827949
100,4,58,-237.63425152057
100,4,59,-237.633442825077
100,4,60,-237.632416460413
100,4,61,-237.631111262381
100,4,62,-237.629447776512
100,4,63,-237.627322304565
100,4,64,-237.62459879374
100,4,65,-237.621097682524
100,4,66,-237.616580399922
100,4,67,-237.610727571114
100,4,68,-237.603107970522
100,4,69,-237.593133637868
100,4,70,-237.57999390145
100,4,71,-237.562556547562
100,4,72,-237.539216559636
100,4,73,-237.507658868469
100,4,74,-237.464475695243
100,4,75,-237.404529535735
100,4,76,-237.319854504604
100,4,77,-237.197686842499
100,4,78,-237.016789667123
100,4,79,-236.740334644828
100,4,80,-236.30179425114
100,4,81,-235.577604051177
100,4,82,-234.342982102646
100,4,83,-232.258822698156
100,4,84,-229.176573605813
100,4,85,-226.097922919825
100,4,86,-224.634347349082
100,4,87,-224.356781980358
100,4,88,-224.330162401461
100,4,89,-224.32819733082
100,4,90,-224.328047305148
100,4,91,-224.328032154684
100,4,92,-224.328029808911
100,4,93,-224.328029317419
100,4,94,-224.328029201338
100,4,95,-224.328029172932
100,4,96,-224.328029165914
100,5,0,-243.263880913053
100,5,1,-239.567663389826
100,5,2,-237.763558010712
100,5,3,-235.763489578409
100,5,4,-233.824153128813
100,5,5,-231.8066895386
100,5,6,-229.36494915081
100,5,7,-226.88274708842
100,5,8,-225.26285616906
100,5,9,-224.604355651166
100,5,10,-224.402600749812
100,5,11,-224.347362035501
100,5,12,-224.332939478124
100,5,13,-224.329262635238
100,5,14,-224.328337137708
100,5,15,-224.328105801992
100,5,16,-224.32804820013
100,5,17,-224.328033887571
100,5,18,-224.328030335273
100,5,19,-224.328029454132
100,5,20,-224.328029235633
100,5,21,-224.32802918146
100,5,22,-224.32802916803
1000,1,0,-2571.1526621195
1000,1,1,-2314.23716663119
1000,1,2,-2302.71649231804
1000,1,3,-2296.04844523432
1000,1,4,-2293.18061522648
1000,1,5,-2292.15039096655
1000,1,6,-2291.7925458138
1000,1,7,-2291.66261694307
1000,1,8,-2291.61291341001
1000,1,9,-2291.59322836522
1000,1,10,-2291.58528547732
1000,1,11,-2291.58205104453
1000,1,12,-2291.58072818277
1000,1,13,-2291.58018601338
1000,1,14,-2291.57996358297
1000,1,15,-2291.57987228267
1000,1,16,-2291.57983479715
1000,1,17,-2291.57981940441
1000,1,18,-2291.57981308318
1000,1,19,-2291.57981048716
1000,1,20,-2291.57980942099
1000,1,21,-2291.57980898312
1000,1,22,-2291.57980880328
1000,2,0,-2498.20228165554
1000,2,1,-2399.8054700781
1000,2,2,-2391.41765558534
1000,2,3,-2384.47855123064
1000,2,4,-2378.82760094106
1000,2,5,-2374.56437074207
1000,2,6,-2371.6067637444
1000,2,7,-2369.64882606477
1000,2,8,-2368.32199760285
1000,2,9,-2367.32173238124
1000,2,10,-2366.43544506596
1000,2,11,-2365.51951297515
1000,2,12,-2364.46722636128
1000,2,13,-2363.1810191819
1000,2,14,-2361.54835513415
1000,2,15,-2359.41654304322
1000,2,16,-2356.56110611414
1000,2,17,-2352.64501427137
1000,2,18,-2347.18094515467
1000,2,19,-2339.56297513467
1000,2,20,-2329.36646181558
1000,2,21,-2317.19250562487
1000,2,22,-2305.54960731093
1000,2,23,-2297.54017805929
1000,2,24,-2293.7081694843
1000,2,25,-2292.30655279708
1000,2,26,-2291.8401399208
1000,2,27,-2291.67900002233
1000,2,28,-2291.61915737356
1000,2,29,-2291.59573663298
1000,2,30,-2291.58631385434
1000,2,31,-2291.58247519603
1000,2,32,-2291.5809032418
1000,2,33,-2291.58025820243
1000,2,34,-2291.57999331925
1000,2,35,-2291.57988452056
1000,2,36,-2291.57983983024
1000,2,37,-2291.57982147342
1000,2,38,-2291.57981393344
1000,2,39,-2291.57981083651
1000,2,40,-2291.57980956451
1000,2,41,-2291.57980904207
1000,2,42,-2291.5798088275
1000,3,0,-2415.35840040782
1000,3,1,-2408.33508102789
1000,3,2,-2408.33500596611
1000,3,3,-2408.33493050095
1000,3,4,-2408.33485460763
1000,3,5,-2408.33477826095
1000,3,6,-2408.33470143523
1000,3,7,-2408.33462410439
1000,3,8,-2408.3345462418
1000,3,9,-2408.33446782036
1000,3,10,-2408.33438881241
1000,3,11,-2408.33430918975
1000,3,12,-2408.33422892355
1000,3,13,-2408.3341479844
1000,3,14,-2408.33406634221
1000,3,15,-2408.33398396622
1000,3,16,-2408.33390082498
1000,3,17,-2408.33381688626
1000,3,18,-2408.33373211706
1000,3,19,-2408.33364648358
1000,3,20,-2408.33355995116
1000,3,21,-2408.33347248427
1000,3,22,-2408.33338404641
1000,3,23,-2408.33329460015
1000,3,24,-2408.33320410703
1000,3,25,-2408.33311252754
1000,3,26,-2408.33301982107
1000,3,27,-2408.33292594583
1000,3,28,-2408.33283085887
1000,3,29,-2408.33273451596
1000,3,30,-2408.33263687156
1000,3,31,-2408.33253787877
1000,3,32,-2408.33243748927
1000,3,33,-2408.33233565324
1000,3,34,-2408.3322323193
1000,3,35,-2408.33212743445
1000,3,36,-2408.33202094403
1000,3,37,-2408.33191279154
1000,3,38,-2408.33180291871
1000,3,39,-2408.33169126529
1000,3,40,-2408.33157776902
1000,3,41,-2408.33146236556
1000,3,42,-2408.33134498834
1000,3,43,-2408.33122556851
1000,3,44,-2408.33110403483
1000,3,45,-2408.33098031352
1000,3,46,-2408.33085432819
1000,3,47,-2408.3307259997
1000,3,48,-2408.33059524605
1000,3,49,-2408.33046198222
1000,3,50,-2408.33032612005
1000,3,51,-2408.3301875681
1000,3,52,-2408.33004623147
1000,3,53,-2408.32990201167
1000,3,54,-2408.3297548064
1000,3,55,-2408.32960450944
1000,3,56,-2408.32945101038
1000,3,57,-2408.32929419451
1000,3,58,-2408.32913394249
1000,3,59,-2408.32897013026
1000,3,60,-2408.32880262869
1000,3,61,-2408.32863130342
1000,3,62,-2408.32845601451
1000,3,63,-2408.32827661623
1000,3,64,-2408.32809295676
1000,3,65,-2408.32790487784
1000,3,66,-2408.32771221445
1000,3,67,-2408.32751479449
1000,3,68,-2408.32731243839
1000,3,69,-2408.32710495872
1000,3,70,-2408.32689215974
1000,3,71,-2408.32667383703
1000,3,72,-2408.32644977697
1000,3,73,-2408.32621975623
1000,3,74,-2408.32598354128
1000,3,75,-2408.32574088782
1000,3,76,-2408.32549154015
1000,3,77,-2408.32523523056
1000,3,78,-2408.32497167865
1000,3,79,-2408.32470059058
1000,3,80,-2408.32442165835
1000,3,81,-2408.3241345589
1000,3,82,-2408.32383895334
1000,3,83,-2408.32353448589
1000,3,84,-2408.32322078298
1000,3,85,-2408.32289745211
1000,3,86,-2408.32256408073
1000,3,87,-2408.32222023504
1000,3,88,-2408.32186545864
1000,3,89,-2408.3214992711
1000,3,90,-2408.32112116652
1000,3,91,-2408.32073061183
1000,3,92,-2408.32032704512
1000,3,93,-2408.31990987372
1000,3,94,-2408.3194784722
1000,3,95,-2408.3190321802
1000,3,96,-2408.3185703001
1000,3,97,-2408.31809209453
1000,3,98,-2408.3175967836
1000,3,99,-2408.31708354202
1000,3,100,-2408.31655149592
1000,3,101,-2408.31599971943
1000,3,102,-2408.31542723096
1000,3,103,-2408.31483298924
1000,3,104,-2408.31421588889
1000,3,105,-2408.31357475581
1000,3,106,-2408.31290834197
1000,3,107,-2408.31221531989
1000,3,108,-2408.31149427656
1000,3,109,-2408.31074370689
1000,3,110,-2408.30996200648
1000,3,111,-2408.30914746377
1000,3,112,-2408.30829825154
1000,3,113,-2408.30741241749
1000,3,114,-2408.30648787397
1000,3,115,-2408.30552238682
1000,3,116,-2408.30451356299
1000,3,117,-2408.30345883703
1000,3,118,-2408.30235545621
1000,3,119,-2408.30120046412
1000,3,120,-2408.29999068263
1000,3,121,-2408.29872269193
1000,3,122,-2408.29739280857
1000,3,123,-2408.295997061
1000,3,124,-2408.29453116261
1000,3,125,-2408.2929904817
1000,3,126,-2408.29137000825
1000,3,127,-2408.28966431672
1000,3,128,-2408.28786752479
1000,3,129,-2408.28597324717
1000,3,130,-2408.28397454398
1000,3,131,-2408.28186386288
1000,3,132,-2408.27963297423
1000,3,133,-2408.27727289806
1000,3,134,-2408.27477382192
1000,3,135,-2408.27212500812
1000,3,136,-2408.26931468891
1000,3,137,-2408.26632994763
1000,3,138,-2408.26315658391
1000,3,139,-2408.25977896014
1000,3,140,-2408.25617982659
1000,3,141,-2408.2523401213
1000,3,142,-2408.24823874107
1000,3,143,-2408.24385227828
1000,3,144,-2408.23915471786
1000,3,145,-2408.23411708754
1000,3,146,-2408.22870705292
1000,3,147,-2408.22288844727
1000,3,148,-2408.2166207242
1000,3,149,-2408.20985831822
1000,3,150,-2408.20254989568
1000,3,151,-2408.19463747406
1000,3,152,-2408.18605538304
1000,3,153,-2408.17672903468
1000,3,154,-2408.16657346181
1000,3,155,-2408.15549157461
1000,3,156,-2408.1433720722
1000,3,157,-2408.13008693072
1000,3,158,-2408.11548836837
1000,3,159,-2408.09940516178
1000,3,160,-2408.08163815334
1000,3,161,-2408.06195474426
1000,3,162,-2408.04008210895
1000,3,163,-2408.01569878731
1000,3,164,-2407.98842420767
1000,3,165,-2407.9578055521
1000,3,166,-2407.92330118619
1000,3,167,-2407.88425961737
1000,3,168,-2407.8398925914
1000,3,169,-2407.78924044785
1000,3,170,-2407.73112717506
1000,3,171,-2407.66410165199
1000,3,172,-2407.58636021969
1000,3,173,-2407.49564381652
1000,3,174,-2407.38910018704
1000,3,175,-2407.26309777207
1000,3,176,-2407.11297228894
1000,3,177,-2406.93267900021
1000,3,178,-2406.71431230954
1000,3,179,-2406.44743853865
1000,3,180,-2406.11816669895
1000,3,181,-2405.7078563975
1000,3,182,-2405.19133703789
1000,3,183,-2404.53450634437
1000,3,184,-2403.69123882074
1000,3,185,-2402.59978812865
1000,3,186,-2401.17958049497
1000,3,187,-2399.33097766987
1000,3,188,-2396.94391839759
1000,3,189,-2393.92623508147
1000,3,190,-2390.26452908315
1000,3,191,-2386.11486925695
1000,3,192,-2381.86720717614
1000,3,193,-2378.06727889582
1000,3,194,-2375.15590586214
1000,3,195,-2373.23389818676
1000,3,196,-2372.09919332887
1000,3,197,-2371.4656114187
1000,3,198,-2371.11377594204
1000,3,199,-2370.91436138011
1000,3,200,-2370.79871157619
1000,3,201,-2370.73064177276
1000,3,202,-2370.69033156575
1000,3,203,-2370.66644997411
1000,3,204,-2370.65233508375
1000,3,205,-2370.64402065143
1000,3,206,-2370.63913932489
1000,3,207,-2370.636281532
1000,3,208,-2370.63461160429
1000,3,209,-2370.63363639768
1000,3,210,-2370.63306611907
1000,3,211,-2370.6327310691
1000,3,212,-2370.63253214171
1000,3,213,-2370.63241156242
1000,3,214,-2370.63233567536
1000,3,215,-2370.63228485836
1000,3,216,-2370.63224763284
1000,3,217,-2370.63221723177
1000,3,218,-2370.63218960301
1000,3,219,-2370.63216224852
1000,3,220,-2370.63213354914
1000,3,221,-2370.6321023709
1000,3,222,-2370.63206783416
1000,3,223,-2370.6320291767
1000,3,224,-2370.63198567052
1000,3,225,-2370.6319365695
1000,3,226,-2370.63188107402
1000,3,227,-2370.6318183049
1000,3,228,-2370.63174728193
1000,3,229,-2370.6316669042
1000,3,230,-2370.63157593042
1000,3,231,-2370.63147295835
1000,3,232,-2370.63135640227
1000,3,233,-2370.63122446801
1000,3,234,-2370.63107512504
1000,3,235,-2370.63090607493
1000,3,236,-2370.63071471585
1000,3,237,-2370.63049810226
1000,3,238,-2370.63025289946
1000,3,239,-2370.62997533196
1000,3,240,-2370.62966112513
1000,3,241,-2370.62930543902
1000,3,242,-2370.62890279334
1000,3,243,-2370.6284469825
1000,3,244,-2370.62793097926
1000,3,245,-2370.6273468255
1000,3,246,-2370.62668550833
1000,3,247,-2370.62593681955
1000,3,248,-2370.6250891962
1000,3,249,-2370.62412953959
1000,3,250,-2370.62304300979
1000,3,251,-2370.62181279218
1000,3,252,-2370.62041983221
1000,3,253,-2370.61884253376
1000,3,254,-2370.61705641608
1000,3,255,-2370.61503372317
1000,3,256,-2370.61274297886
1000,3,257,-2370.61014847955
1000,3,258,-2370.60720971534
1000,3,259,-2370.60388070889
1000,3,260,-2370.6001092593
1000,3,261,-2370.59583607642
1000,3,262,-2370.59099378819
1000,3,263,-2370.5855058008
1000,3,264,-2370.57928498739
1000,3,265,-2370.57223217668
1000,3,266,-2370.5642344074
1000,3,267,-2370.55516290736
1000,3,268,-2370.54487074786
1000,3,269,-2370.53319011352
1000,3,270,-2370.51992911472
1000,3,271,-2370.5048680536
1000,3,272,-2370.48775503397
1000,3,273,-2370.46830077952
1000,3,274,-2370.44617249166
1000,3,275,-2370.42098653566
1000,3,276,-2370.39229968911
1000,3,277,-2370.35959861556
1000,3,278,-2370.32228713285
1000,3,279,-2370.2796707236
1000,3,280,-2370.23093757261
1000,3,281,-2370.1751351988
1000,3,282,-2370.11114145693
1000,3,283,-2370.03762828551
1000,3,284,-2369.95301603103
1000,3,285,-2369.8554154176
1000,3,286,-2369.74255316445
1000,3,287,-2369.61167573295
1000,3,288,-2369.45942349253
1000,3,289,-2369.28166438162
1000,3,290,-2369.07327135493
1000,3,291,-2368.82782065581
1000,3,292,-2368.53717674958
1000,3,293,-2368.1909121037
1000,3,294,-2367.77548162119
1000,3,295,-2367.27302496967
1000,3,296,-2366.65959219539
1000,3,297,-2365.90245579669
1000,3,298,-2364.95594592725
1000,3,299,-2363.75485930921
1000,3,300,-2362.20385672811
1000,3,301,-2360.16032664349
1000,3,302,-2357.4072793307
1000,3,303,-2353.61403816475
1000,3,304,-2348.29438493497
1000,3,305,-2340.8210693466
1000,3,306,-2330.68930089403
1000,3,307,-2318.34948370464
1000,3,308,-2306.25093113221
1000,3,309,-2297.76119316786
1000,3,310,-2293.70447062594
1000,3,311,-2292.26843337136
1000,3,312,-2291.81598383065
1000,3,313,-2291.66753827188
1000,3,314,-2291.61419863457
1000,3,315,-2291.59366009602
1000,3,316,-2291.58545447667
1000,3,317,-2291.58212109528
1000,3,318,-2291.58075758546
1000,3,319,-2291.58019833109
1000,3,320,-2291.57996871783
1000,3,321,-2291.57987441354
1000,3,322,-2291.57983567841
1000,3,323,-2291.57981976801
1000,3,324,-2291.57981323296
1000,3,325,-2291.5798105488
1000,3,326,-2291.57980944634
1000,3,327,-2291.57980899354
1000,3,328,-2291.57980880756
1000,4,0,-4393.2907908296
1000,4,1,-2433.55904327498
1000,4,2,-2419.44789607467
1000,4,3,-2414.0898040453
1000,4,4,-2411.28039680453
1000,4,5,-2409.47563377489
1000,4,6,-2408.12662835304
1000,4,7,-2406.98937109822
1000,4,8,-2405.93471825353
1000,4,9,-2404.88297208387
1000,4,10,-2403.77783100755
1000,4,11,-2402.57524913768
1000,4,12,-2401.23903200001
1000,4,13,-2399.74013266834
1000,4,14,-2398.05831769622
1000,4,15,-2396.1852581202
1000,4,16,-2394.1278975886
1000,4,17,-2391.91064658676
1000,4,18,-2389.57507741919
1000,4,19,-2387.17668294659
1000,4,20,-2384.77957880953
1000,4,21,-2382.45077877907
1000,4,22,-2380.25514990395
1000,4,23,-2378.25091156439
1000,4,24,-2376.48494222245
1000,4,25,-2374.98787011045
1000,4,26,-2373.77023744982
1000,4,27,-2372.82162188842
1000,4,28,-2372.11376571429
1000,4,29,-2371.60699791239
1000,4,30,-2371.25780141453
1000,4,31,-2371.02521572655
1000,4,32,-2370.87474963559
1000,4,33,-2370.77974449932
1000,4,34,-2370.72093075213
1000,4,35,-2370.68509044113
1000,4,36,-2370.66351811638
1000,4,37,-2370.65065732866
1000,4,38,-2370.64304574119
1000,4,39,-2370.63856505256
1000,4,40,-2370.63593716311
1000,4,41,-2370.63439900126
1000,4,42,-2370.63349859457
1000,4,43,-2370.63296982545
1000,4,44,-2370.63265668737
1000,4,45,-2370.63246799758
1000,4,46,-2370.63235054948
1000,4,47,-2370.63227329742
1000,4,48,-2370.63221808436
1000,4,49,-2370.63217422425
1000,4,50,-2370.63213534413
1000,4,51,-2370.63209754584
1000,4,52,-2370.63205833599
1000,4,53,-2370.63201600194
1000,4,54,-2370.63196924629
1000,4,55,-2370.63191697033
1000,4,56,-2370.63185814335
1000,4,57,-2370.63179172061
1000,4,58,-2370.63171658882
1000,4,59,-2370.63163152633
1000,4,60,-2370.6315351708
1000,4,61,-2370.63142598985
1000,4,62,-2370.63130225195
1000,4,63,-2370.63116199573
1000,4,64,-2370.6310029965
1000,4,65,-2370.63082272887
1000,4,66,-2370.63061832459
1000,4,67,-2370.63038652476
1000,4,68,-2370.63012362534
1000,4,69,-2370.62982541512
1000,4,70,-2370.62948710472
1000,4,71,-2370.62910324555
1000,4,72,-2370.62866763693
1000,4,73,-2370.62817321988
1000,4,74,-2370.62761195523
1000,4,75,-2370.62697468389
1000,4,76,-2370.62625096639
1000,4,77,-2370.62542889849
1000,4,78,-2370.62449489914
1000,4,79,-2370.62343346612
1000,4,80,-2370.62222689467
1000,4,81,-2370.62085495244
1000,4,82,-2370.61929450413
1000,4,83,-2370.61751907699
1000,4,84,-2370.61549835747
1000,4,85,-2370.61319760695
1000,4,86,-2370.61057698262
1000,4,87,-2370.60759074664
1000,4,88,-2370.60418634345
1000,4,89,-2370.60030332104
1000,4,90,-2370.5958720671
1000,4,91,-2370.59081232472
1000,4,92,-2370.58503144468
1000,4,93,-2370.57842232212
1000,4,94,-2370.57086095307
1000,4,95,-2370.56220353156
1000,4,96,-2370.55228298897
1000,4,97,-2370.54090485241
1000,4,98,-2370.52784226789
1000,4,99,-2370.51282999254
1000,4,100,-2370.495557107
1000,4,101,-2370.47565812737
1000,4,102,-2370.45270210228
1000,4,103,-2370.42617915244
1000,4,104,-2370.39548373722
1000,4,105,-2370.35989369436
1000,4,106,-2370.31854376798
1000,4,107,-2370.2703918751
1000,4,108,-2370.21417569934
1000,4,109,-2370.14835624795
1000,4,110,-2370.07104361797
1000,4,111,-2369.97989816088
1000,4,112,-2369.87199714698
1000,4,113,-2369.74365232439
1000,4,114,-2369.59015647664
1000,4,115,-2369.40542559844
1000,4,116,-2369.18148489825
1000,4,117,-2368.90771678506
1000,4,118,-2368.56973904437
1000,4,119,-2368.14769689576
1000,4,120,-2367.61360735058
1000,4,121,-2366.92714163193
1000,4,122,-2366.02879080216
1000,4,123,-2364.82860400999
1000,4,124,-2363.18747155461
1000,4,125,-2360.886329991
1000,4,126,-2357.57820444413
1000,4,127,-2352.72623968326
1000,4,128,-2345.57542830392
1000,4,129,-2335.3536510315
1000,4,130,-2322.14237631531
1000,4,131,-2308.38625185009
1000,4,132,-2298.34713274158
1000,4,133,-2293.63410745498
1000,4,134,-2292.13017771087
1000,4,135,-2291.73585358405
1000,4,136,-2291.63066234337
1000,4,137,-2291.59842336264
1000,4,138,-2291.58707738572
1000,4,139,-2291.58273196968
1000,4,140,-2291.58099898665
1000,4,141,-2291.58029579873
1000,4,142,-2291.58000843672
1000,4,143,-2291.57989066486
1000,4,144,-2291.57984234001
1000,4,145,-2291.5798225011
1000,4,146,-2291.57981435478
1000,4,147,-2291.57981100938
1000,4,148,-2291.57980963546
1000,4,149,-2291.5798090712
1000,4,150,-2291.57980883946
1000,4,151,-2291.57980874428
1000,5,0,-2420.07145297247
1000,5,1,-2381.71774537713
1000,5,2,-2372.28147763156
1000,5,3,-2362.27667206572
1000,5,4,-2352.22247249462
1000,5,5,-2342.3961259651
1000,5,6,-2332.22353654434
1000,5,7,-2321.15479883718
1000,5,8,-2310.08094020162
1000,5,9,-2301.18873093903
1000,5,10,-2295.81324923246
1000,5,11,-2293.28206246478
1000,5,12,-2292.24994234326
1000,5,13,-2291.84642423164
1000,5,14,-2291.68740549087
1000,5,15,-2291.62364304055
1000,5,16,-2291.59775458276
1000,5,17,-2291.58717215713
1000,5,18,-2291.58283270584
1000,5,19,-2291.58105094035
1000,5,20,-2291.58031901958
1000,5,21,-2291.58001832706
1000,5,22,-2291.57989479751
1000,5,23,-2291.57984405238
1000,5,24,-2291.5798232078
1000,5,25,-2291.57981464584
1000,5,26,-2291.57981112911
1000,5,27,-2291.57980968469
1000,5,28,-2291.57980909143
1000,5,29,-2291.57980884777
1000,5,30,-2291.57980874769
10000,1,0,-25721.2346601172
10000,1,1,-23133.7529753329
10000,1,2,-23060.6608796406
10000,1,3,-23018.4851775012
10000,1,4,-22997.5841077365
10000,1,5,-22988.263090712
10000,1,6,-22984.263119102
10000,1,7,-22982.5375914748
10000,1,8,-22981.778203605
10000,1,9,-22981.4377012104
10000,1,10,-22981.2830363734
10000,1,11,-22981.2122340735
10000,1,12,-22981.1796807774
10000,1,13,-22981.1646786832
10000,1,14,-22981.1577567172
10000,1,15,-22981.1545610034
10000,1,16,-22981.153085185
10000,1,17,-22981.1524035417
10000,1,18,-22981.1520886888
10000,1,19,-22981.151943254
10000,1,20,-22981.1518760751
10000,1,21,-22981.1518450441
10000,1,22,-22981.1518307102
10000,1,23,-22981.1518240893
10000,1,24,-22981.1518210309
10000,1,25,-22981.1518196182
10000,2,0,-24964.7587686945
10000,2,1,-23936.4842816201
10000,2,2,-23851.6672664813
10000,2,3,-23781.3014252503
10000,2,4,-23722.8209173578
10000,2,5,-23677.7524911733
10000,2,6,-23646.3006559417
10000,2,7,-23625.959601263
10000,2,8,-23612.9644734075
10000,2,9,-23603.9848099031
10000,2,10,-23596.7330885618
10000,2,11,-23589.8056382004
10000,2,12,-23582.3351426491
10000,2,13,-23573.7054411136
10000,2,14,-23563.3574667084
10000,2,15,-23550.6501384677
10000,2,16,-23534.7367054498
10000,2,17,-23514.4271976232
10000,2,18,-23488.0246643738
10000,2,19,-23453.1673724694
10000,2,20,-23406.8377735346
10000,2,21,-23346.0046775093
10000,2,22,-23269.7898822141
10000,2,23,-23183.5836282592
10000,2,24,-23101.7231600413
10000,2,25,-23040.8514721939
10000,2,26,-23006.4308097338
10000,2,27,-22991.0246994434
10000,2,28,-22985.0045138689
10000,2,29,-22982.7209536408
10000,2,30,-22981.8219927853
10000,2,31,-22981.4481302729
10000,2,32,-22981.2855792011
10000,2,33,-22981.2128853967
10000,2,34,-22981.1798606918
10000,2,35,-22981.1647334202
10000,2,36,-22981.1577751935
10000,2,37,-22981.1545678559
10000,2,38,-22981.1530879202
10000,2,39,-22981.1524046911
10000,2,40,-22981.1520891885
10000,2,41,-22981.151943476
10000,2,42,-22981.1518761751
10000,2,43,-22981.1518450894
10000,2,44,-22981.151830731
10000,2,45,-22981.1518240988
10000,2,46,-22981.1518210351
10000,2,47,-22981.1518196201
10000,3,0,-24083.2774844845
10000,3,1,-24011.3944117907
10000,3,2,-24011.3937314449
10000,3,3,-24011.3930476871
10000,3,4,-24011.3923603113
10000,3,5,-24011.3916691081
10000,3,6,-24011.3909738653
10000,3,7,-24011.3902743665
10000,3,8,-24011.389570392
10000,3,9,-24011.3888617178
10000,3,10,-24011.3881481159
10000,3,11,-24011.3874293539
10000,3,12,-24011.386705195
10000,3,13,-24011.3859753973
10000,3,14,-24011.3852397145
10000,3,15,-24011.384497894
10000,3,16,-24011.3837496792
10000,3,17,-24011.3829948068
10000,3,18,-24011.3822330076
10000,3,19,-24011.3814640068
10000,3,20,-24011.3806875224
10000,3,21,-24011.3799032664
10000,3,22,-24011.3791109429
10000,3,23,-24011.3783102493
10000,3,24,-24011.3775008752
10000,3,25,-24011.3766825023
10000,3,26,-24011.3758548033
10000,3,27,-24011.3750174435
10000,3,28,-24011.3741700778
10000,3,29,-24011.3733123526
10000,3,30,-24011.3724439045
10000,3,31,-24011.371564359
10000,3,32,-24011.3706733319
10000,3,33,-24011.3697704274
10000,3,34,-24011.3688552387
10000,3,35,-24011.3679273459
10000,3,36,-24011.3669863175
10000,3,37,-24011.3660317087
10000,3,38,-24011.3650630608
10000,3,39,-24011.3640799009
10000,3,40,-24011.3630817419
10000,3,41,-24011.3620680802
10000,3,42,-24011.3610383973
10000,3,43,-24011.3599921567
10000,3,44,-24011.3589288055
10000,3,45,-24011.3578477719
10000,3,46,-24011.356748465
10000,3,47,-24011.3556302743
10000,3,48,-24011.3544925685
10000,3,49,-24011.3533346946
10000,3,50,-24011.3521559769
10000,3,51,-24011.3509557163
10000,3,52,-24011.349733189
10000,3,53,-24011.3484876453
10000,3,54,-24011.347218309
10000,3,55,-24011.3459243751
10000,3,56,-24011.34460501
10000,3,57,-24011.3432593486
10000,3,58,-24011.3418864944
10000,3,59,-24011.3404855167
10000,3,60,-24011.33905545
10000,3,61,-24011.3375952918
10000,3,62,-24011.3361040013
10000,3,63,-24011.3345804965
10000,3,64,-24011.3330236548
10000,3,65,-24011.3314323076
10000,3,66,-24011.3298052406
10000,3,67,-24011.3281411909
10000,3,68,-24011.3264388441
10000,3,69,-24011.324696833
10000,3,70,-24011.3229137332
10000,3,71,-24011.3210880618
10000,3,72,-24011.319218274
10000,3,73,-24011.3173027597
10000,3,74,-24011.3153398402
10000,3,75,-24011.3133277651
10000,3,76,-24011.3112647081
10000,3,77,-24011.3091487635
10000,3,78,-24011.3069779414
10000,3,79,-24011.304750164
10000,3,80,-24011.3024632604
10000,3,81,-24011.3001149616
10000,3,82,-24011.2977028956
10000,3,83,-24011.2952245812
10000,3,84,-24011.2926774225
10000,3,85,-24011.2900587021
10000,3,86,-24011.2873655743
10000,3,87,-24011.284595059
10000,3,88,-24011.281744031
10000,3,89,-24011.2788092161
10000,3,90,-24011.2757871783
10000,3,91,-24011.2726743134
10000,3,92,-24011.2694668364
10000,3,93,-24011.2661607732
10000,3,94,-24011.2627519475
10000,3,95,-24011.2592359693
10000,3,96,-24011.2556082218
10000,3,97,-24011.2518638467
10000,3,98,-24011.2479977302
10000,3,99,-24011.2440044859
10000,3,100,-24011.239878438
10000,3,101,-24011.2356136024
10000,3,102,-24011.2312036672
10000,3,103,-24011.2266419703
10000,3,104,-24011.221921477
10000,3,105,-24011.2170347547
10000,3,106,-24011.2119739464
10000,3,107,-24011.2067307407
10000,3,108,-24011.2012963415
10000,3,109,-24011.1956614335
10000,3,110,-24011.1898161461
10000,3,111,-24011.1837500131
10000,3,112,-24011.1774519303
10000,3,113,-24011.1709101084
10000,3,114,-24011.1641120235
10000,3,115,-24011.1570443604
10000,3,116,-24011.1496929556
10000,3,117,-24011.1420427293
10000,3,118,-24011.1340776173
10000,3,119,-24011.1257804924
10000,3,120,-24011.1171330805
10000,3,121,-24011.1081158695
10000,3,122,-24011.0987080076
10000,3,123,-24011.0888871941
10000,3,124,-24011.0786295581
10000,3,125,-24011.0679095267
10000,3,126,-24011.0566996789
10000,3,127,-24011.0449705865
10000,3,128,-24011.032690637
10000,3,129,-24011.0198258396
10000,3,130,-24011.0063396115
10000,3,131,-24010.9921925392
10000,3,132,-24010.9773421177
10000,3,133,-24010.9617424582
10000,3,134,-24010.9453439655
10000,3,135,-24010.9280929787
10000,3,136,-24010.9099313715
10000,3,137,-24010.8907961059
10000,3,138,-24010.8706187332
10000,3,139,-24010.8493248381
10000,3,140,-24010.826833412
10000,3,141,-24010.8030561526
10000,3,142,-24010.7778966744
10000,3,143,-24010.7512496189
10000,3,144,-24010.7229996519
10000,3,145,-24010.6930203266
10000,3,146,-24010.6611727963
10000,3,147,-24010.6273043517
10000,3,148,-24010.5912467562
10000,3,149,-24010.5528143455
10000,3,150,-24010.5118018549
10000,3,151,-24010.4679819285
10000,3,152,-24010.4211022548
10000,3,153,-24010.3708822688
10000,3,154,-24010.3170093398
10000,3,155,-24010.259134355
10000,3,156,-24010.1968665889
10000,3,157,-24010.1297677216
10000,3,158,-24010.0573448493
10000,3,159,-24009.9790422847
10000,3,160,-24009.8942319091
10000,3,161,-24009.8022017785
10000,3,162,-24009.7021426221
10000,3,163,-24009.5931317781
10000,3,164,-24009.4741140095
10000,3,165,-24009.343878496
10000,3,166,-24009.201031125
10000,3,167,-24009.0439609653
10000,3,168,-24008.870799523
10000,3,169,-24008.6793709722
10000,3,170,-24008.4671310575
10000,3,171,-24008.2310916882
10000,3,172,-24007.9677273542
10000,3,173,-24007.6728582996
10000,3,174,-24007.3415037981
10000,3,175,-24006.9676966976
10000,3,176,-24006.5442474542
10000,3,177,-24006.0624418102
10000,3,178,-24005.5116506613
10000,3,179,-24004.8788228242
10000,3,180,-24004.1478204413
10000,3,181,-24003.2985412452
10000,3,182,-24002.3057498758
10000,3,183,-24001.1375089966
10000,3,184,-23999.7530559731
10000,3,185,-23998.0999065113
10000,3,186,-23996.1098750974
10000,3,187,-23993.6935735597
10000,3,188,-23990.7327737816
10000,3,189,-23987.069795128
10000,3,190,-23982.4928230697
10000,3,191,-23976.7158770876
10000,3,192,-23969.352304987
10000,3,193,-23959.8819133005
10000,3,194,-23947.6158376734
10000,3,195,-23931.6735024036
10000,3,196,-23911.0083804052
10000,3,197,-23884.5589809392
10000,3,198,-23851.6460776233
10000,3,199,-23812.7092430491
10000,3,200,-23770.1900903317
10000,3,201,-23728.740946432
10000,3,202,-23693.6980219127
10000,3,203,-23668.3019522538
10000,3,204,-23652.2746348526
10000,3,205,-23643.0926678254
10000,3,206,-23638.0673043634
10000,3,207,-23635.3331909616
10000,3,208,-23633.8269893529
10000,3,209,-23632.9853335623
10000,3,210,-23632.5106742559
10000,3,211,-23632.2419538122
10000,3,212,-23632.0897752484
10000,3,213,-23632.0037211408
10000,3,214,-23631.955157657
10000,3,215,-23631.9278017309
10000,3,216,-23631.9124086396
10000,3,217,-23631.9037439578
10000,3,218,-23631.89885241
10000,3,219,-23631.8960697049
10000,3,220,-23631.8944603625
10000,3,221,-23631.8934990915
10000,3,222,-23631.892890833
10000,3,223,-23631.8924694188
10000,3,224,-23631.8921406351
10000,3,225,-23631.891850286
10000,3,226,-23631.8915662928
10000,3,227,-23631.8912686578
10000,3,228,-23631.8909438231
10000,3,229,-23631.8905814818
10000,3,230,-23631.8901727516
10000,3,231,-23631.8897091018
10000,3,232,-23631.8891816946
10000,3,233,-23631.8885809465
10000,3,234,-23631.8878962031
10000,3,235,-23631.8871154666
10000,3,236,-23631.886225138
10000,3,237,-23631.8852097546
10000,3,238,-23631.884051706
10000,3,239,-23631.8827309219
10000,3,240,-23631.8812245172
10000,3,241,-23631.8795063943
10000,3,242,-23631.8775467887
10000,3,243,-23631.8753117514
10000,3,244,-23631.8727625603
10000,3,245,-23631.8698550475
10000,3,246,-23631.8665388324
10000,3,247,-23631.8627564476
10000,3,248,-23631.8584423399
10000,3,249,-23631.8535217317
10000,3,250,-23631.8479093205
10000,3,251,-23631.8415077961
10000,3,252,-23631.8342061459
10000,3,253,-23631.8258777221
10000,3,254,-23631.8163780343
10000,3,255,-23631.8055422286
10000,3,256,-23631.7931822084
10000,3,257,-23631.7790833466
10000,3,258,-23631.7630007283
10000,3,259,-23631.7446548564
10000,3,260,-23631.723726744
10000,3,261,-23631.6998523014
10000,3,262,-23631.6726159172
10000,3,263,-23631.6415431098
10000,3,264,-23631.6060921188
10000,3,265,-23631.5656442704
10000,3,266,-23631.5194929355
10000,3,267,-23631.4668308681
10000,3,268,-23631.4067356712
10000,3,269,-23631.3381531036
10000,3,270,-23631.2598778842
10000,3,271,-23631.1705315994
10000,3,272,-23631.0685372412
10000,3,273,-23630.9520898228
10000,3,274,-23630.8191224151
10000,3,275,-23630.6672668231
10000,3,276,-23630.4938079595
10000,3,277,-23630.2956307979
10000,3,278,-23630.0691585345
10000,3,279,-23629.8102803062
10000,3,280,-23629.5142664368
10000,3,281,-23629.1756687079
10000,3,282,-23628.7882025571
10000,3,283,-23628.3446073218
10000,3,284,-23627.8364796392
10000,3,285,-23627.2540737825
10000,3,286,-23626.5860609546
10000,3,287,-23625.8192371908
10000,3,288,-23624.938166321
10000,3,289,-23623.9247400349
10000,3,290,-23622.7576309732
10000,3,291,-23621.4116061329
10000,3,292,-23619.8566555351
10000,3,293,-23618.0568731873
10000,3,294,-23615.9690009912
10000,3,295,-23613.5405067864
10000,3,296,-23610.7070078222
10000,3,297,-23607.3887587332
10000,3,298,-23603.4857792025
10000,3,299,-23598.8709695135
10000,3,300,-23593.3802010779
10000,3,301,-23586.7977927592
10000,3,302,-23578.8348691415
10000,3,303,-23569.0966765472
10000,3,304,-23557.0328489828
10000,3,305,-23541.8619876239
10000,3,306,-23522.46010867
10000,3,307,-23497.2072290577
10000,3,308,-23463.8163075875
10000,3,309,-23419.2748322614
10000,3,310,-23360.3109823802
10000,3,311,-23285.2763804666
10000,3,312,-23198.2324117246
10000,3,313,-23112.720910693
10000,3,314,-23046.8327869708
10000,3,315,-23008.6621694051
10000,3,316,-22991.5677258004
10000,3,317,-22985.0570116794
10000,3,318,-22982.6878586717
10000,3,319,-22981.7927655513
10000,3,320,-22981.4315301274
10000,3,321,-22981.2772536702
10000,3,322,-22981.2089038463
10000,3,323,-22981.1779939993
10000,3,324,-22981.1638656717
10000,3,325,-22981.1573732939
10000,3,326,-22981.1543820089
10000,3,327,-22981.1530020381
10000,3,328,-22981.1523650149
10000,3,329,-22981.1520708609
10000,3,330,-22981.1519350102
10000,3,331,-22981.1518722647
10000,3,332,-22981.1518432832
10000,3,333,-22981.1518298966
10000,3,334,-22981.1518237134
10000,3,335,-22981.1518208571
10000,3,336,-22981.151819538
10000,4,0,-43569.6737239651
10000,4,1,-24276.186253655
10000,4,2,-24130.5624290107
10000,4,3,-24076.0991909241
10000,4,4,-24048.686859623
10000,4,5,-24032.030137912
10000,4,6,-24020.379770493
10000,4,7,-24011.2463819061
10000,4,8,-24003.3685900831
10000,4,9,-23996.0113183125
10000,4,10,-23988.6835252919
10000,4,11,-23981.0103826319
10000,4,12,-23972.6700032014
10000,4,13,-23963.3609649075
10000,4,14,-23952.7875739637
10000,4,15,-23940.6584980147
10000,4,16,-23926.698338855
10000,4,17,-23910.6730281809
10000,4,18,-23892.4288458077
10000,4,19,-23871.9411674423
10000,4,20,-23849.3634214539
10000,4,21,-23825.0618418705
10000,4,22,-23799.621537203
10000,4,23,-23773.8161463466
10000,4,24,-23748.5430910789
10000,4,25,-23724.7321056443
10000,4,26,-23703.2353341012
10000,4,27,-23684.7110497747
10000,4,28,-23669.5252067589
10000,4,29,-23657.7050160408
10000,4,30,-23648.9685935861
10000,4,31,-23642.8228169915
10000,4,32,-23638.690170931
10000,4,33,-23636.0186721523
10000,4,34,-23634.3480298524
10000,4,35,-23633.3310799829
10000,4,36,-23632.7251265229
10000,4,37,-23632.3700007152
10000,4,38,-23632.1644928056
10000,4,39,-23632.046696861
10000,4,40,-23631.9796539537
10000,4,41,-23631.9416918043
10000,4,42,-23631.9202698161
10000,4,43,-23631.908202313
10000,4,44,-23631.9014016374
10000,4,45,-23631.8975547406
10000,4,46,-23631.8953576667
10000,4,47,-23631.8940771168
10000,4,48,-23631.8933011569
10000,4,49,-23631.8927982219
10000,4,50,-23631.8924376753
10000,4,51,-23631.8921451752
10000,4,52,-23631.891877635
10000,4,53,-23631.8916091881
10000,4,54,-23631.89132331
10000,4,55,-23631.8910083847
10000,4,56,-23631.8906551867
10000,4,57,-23631.8902554265
10000,4,58,-23631.8898008836
10000,4,59,-23631.8892828571
10000,4,60,-23631.8886917832
10000,4,61,-23631.8880169363
10000,4,62,-23631.8872461624
10000,4,63,-23631.8863656153
10000,4,64,-23631.8853594778
10000,4,65,-23631.884209654
10000,4,66,-23631.8828954239
10000,4,67,-23631.8813930466
10000,4,68,-23631.87967531
10000,4,69,-23631.8777110079
10000,4,70,-23631.8754643404
10000,4,71,-23631.8728942207
10000,4,72,-23631.8699534733
10000,4,73,-23631.866587908
10000,4,74,-23631.8627352465
10000,4,75,-23631.858323878
10000,4,76,-23631.853271415
10000,4,77,-23631.8474830179
10000,4,78,-23631.8408494426
10000,4,79,-23631.8332447703
10000,4,80,-23631.8245237581
10000,4,81,-23631.8145187479
10000,4,82,-23631.8030360472
10000,4,83,-23631.7898516978
10000,4,84,-23631.7747065035
10000,4,85,-23631.7573001929
10000,4,86,-23631.7372845448
10000,4,87,-23631.7142552785
10000,4,88,-23631.6877424669
10000,4,89,-23631.6571991806
10000,4,90,-23631.6219880017
10000,4,91,-23631.5813649704
10000,4,92,-23631.5344604261
10000,4,93,-23631.4802560772
10000,4,94,-23631.4175574775
10000,4,95,-23631.344960887
10000,4,96,-23631.260813236
10000,4,97,-23631.1631635884
10000,4,98,-23631.0497040775
10000,4,99,-23630.9176977387
10000,4,100,-23630.7638899582
10000,4,101,-23630.5843993104
10000,4,102,-23630.3745823265
10000,4,103,-23630.1288650732
10000,4,104,-23629.8405321918
10000,4,105,-23629.5014610133
10000,4,106,-23629.1017842042
10000,4,107,-23628.6294586023
10000,4,108,-23628.069709803
10000,4,109,-23627.4043105212
10000,4,110,-23626.6106341881
10000,4,111,-23625.6604011169
10000,4,112,-23624.5179989478
10000,4,113,-23623.1382058014
10000,4,114,-23621.4630637307
10000,4,115,-23619.4175257768
10000,4,116,-23616.9033063782
10000,4,117,-23613.7900600296
10000,4,118,-23609.902528821
10000,4,119,-23605.0015276694
10000,4,120,-23598.7554134281
10000,4,121,-23590.6967949611
10000,4,122,-23580.1565104398
10000,4,123,-23566.163620982
10000,4,124,-23547.298652632
10000,4,125,-23521.4967119386
10000,4,126,-23485.8465379701
10000,4,127,-23436.5966027622
10000,4,128,-23369.9874566773
10000,4,129,-23285.0923790845
10000,4,130,-23189.0987510045
10000,4,131,-23100.0533932956
10000,4,132,-23036.9626452816
10000,4,133,-23003.5557525899
10000,4,134,-22989.5656959519
10000,4,135,-22984.370309174
10000,4,136,-22982.4550987943
10000,4,137,-22981.7088652017
10000,4,138,-22981.39871088
10000,4,139,-22981.2635187818
10000,4,140,-22981.2028966226
10000,4,141,-22981.1752992532
10000,4,142,-22981.1626402557
10000,4,143,-22981.1568120358
10000,4,144,-22981.1541239738
10000,4,145,-22981.152883169
10000,4,146,-22981.1523101952
10000,4,147,-22981.1520455633
10000,4,148,-22981.151923332
10000,4,149,-22981.1518668726
10000,4,150,-22981.151840793
10000,4,151,-22981.1518287466
10000,4,152,-22981.1518231822
10000,4,153,-22981.1518206119
10000,4,154,-22981.1518194247
10000,5,0,-24183.114022986
10000,5,1,-23782.6080837335
10000,5,2,-23698.0317135705
10000,5,3,-23611.7411601585
10000,5,4,-23529.3155842664
10000,5,5,-23456.0038014451
10000,5,6,-23389.4553172043
10000,5,7,-23321.5129961057
10000,5,8,-23246.5687784872
10000,5,9,-23167.4728097166
10000,5,10,-23095.2572915418
10000,5,11,-23041.6072702538
10000,5,12,-23009.623760505
10000,5,13,-22993.7102183104
10000,5,14,-22986.5992511469
10000,5,15,-22983.5384268772
10000,5,16,-22982.2150584924
10000,5,17,-22981.6321945158
10000,5,18,-22981.370906578
10000,5,19,-22981.2523062026
10000,5,20,-22981.1980567031
10000,5,21,-22981.1731320174
10000,5,22,-22981.1616523348
10000,5,23,-22981.1563580305
10000,5,24,-22981.1539146048
10000,5,25,-22981.1527864823
10000,5,26,-22981.1522655238
10000,5,27,-22981.1520249218
10000,5,28,-22981.1519137943
10000,5,29,-22981.1518624657
10000,5,30,-22981.1518387572
10000,5,31,-22981.1518278062
10000,5,32,-22981.1518227478
10000,5,33,-22981.1518204113
10000,5,34,-22981.1518193319
