"n","start","pi1","pi2","pi3","mu1","mu2","mu3","variance","loglik","iterations","converged","min_loglik_gain","nondecreasing","loglik_gap"
100,1,0.238302069572801,0.50545151834367,0.256246412083529,-3.13730890177532,0.00994943153157495,4.22641686468224,0.775405627600016,-224.328029166003,15,TRUE,7.28292093299387e-09,TRUE,8.93862761586206e-11
100,2,0.238306085726216,0.505448013167988,0.256245901105796,-3.13728223501944,0.00996409483699137,4.22642087647119,0.77540626245763,-224.328029166986,32,TRUE,1.02631076970283e-08,TRUE,1.07195319287712e-09
100,3,0.238307042269995,0.505447178116421,0.256245779613583,-3.13727588187558,0.00996758561057427,4.2264218300283,0.775406416988165,-224.328029170606,267,TRUE,2.12456541248685e-08,TRUE,4.69208316644654e-09
100,4,0.238302104543021,0.505451480819244,0.256246414637735,-3.13730861099371,0.00994950602591561,4.22641683480259,0.775405736540167,-224.328029165914,96,TRUE,7.01791691426479e-09,TRUE,0
100,5,0.238306399514222,0.505447739255375,0.256245861230403,-3.13728015108284,0.00996524012028113,4.22642118947037,0.775406312843154,-224.32802916803,22,TRUE,1.34303093091148e-08,TRUE,2.11591100196529e-09
1000,1,0.262685825731547,0.489616543557855,0.247697630710599,-2.96806716899727,0.0914139043203445,4.0413760854772,0.941059231203987,-2291.57980880328,22,TRUE,1.79838025360368e-07,TRUE,5.89998307987116e-08
1000,2,0.262697102139012,0.489607831788772,0.247695066072215,-2.96800544057443,0.0914625857340913,4.04139457393835,0.941056737636196,-2291.5798088275,42,TRUE,2.14576175494585e-07,TRUE,8.32164914754685e-08
1000,3,0.262696695772721,0.489608145730875,0.247695158496403,-2.96800766537133,0.0914608315248626,4.04139390774846,0.941056826742919,-2291.57980880756,328,TRUE,1.85975295607932e-07,TRUE,6.32830960967112e-08
1000,4,0.262687294368098,0.489615408927566,0.247697296704336,-2.96805913013077,0.091420244809867,4.04137849353083,0.94105890474418,-2291.57980874428,151,TRUE,9.51772562984843e-08,TRUE,0
1000,5,0.262695235544433,0.489609273864825,0.247695490590741,-2.96801566143551,0.0914545286484133,4.04139151449484,0.941057143650723,-2291.57980874769,30,TRUE,1.00077159004286e-07,TRUE,3.41424311045557e-09
10000,1,0.252080907564157,0.499948740964458,0.247970351471386,-2.97816589282064,0.0151969816020958,3.9955153573729,0.997397272547731,-22981.1518196182,25,TRUE,1.41264899866655e-06,TRUE,2.86305294139311e-07
10000,2,0.252092809584365,0.499938848987544,0.247968341428088,-2.9781022215957,0.0152446114246802,3.99553053923447,0.997388595085079,-22981.1518196201,47,TRUE,1.41500277095474e-06,TRUE,2.88204319076613e-07
10000,3,0.252092604557492,0.499939019384186,0.247968376058319,-2.97810331830207,0.0152437908906946,3.99553027764368,0.997388744737216,-22981.151819538,336,TRUE,1.31917113321833e-06,TRUE,2.06022377824411e-07
10000,4,0.252081402829832,0.499948329325013,0.247970267845149,-2.97816324292439,0.0151989633711716,3.99551598888903,0.997396912195489,-22981.1518194247,154,TRUE,1.18715252028778e-06,TRUE,9.28084773477167e-08
10000,5,0.252092055368461,0.499939475899322,0.247968468732216,-2.97810625923941,0.0152415945479478,3.99552957853596,0.997389138894518,-22981.1518193319,34,TRUE,1.07941377791576e-06,TRUE,0
