"id","x","true_class"
1,-3.36365729709525,1
2,1.59850877114583,2
3,-0.833843580535001,2
4,4.1036380042283,3
5,0.249824719926562,2
6,1.11027709663882,2
7,-1.93850470145338,2
8,0.673253863354836,2
9,0.116637283582706,2
10,-3.26514505669635,1
11,-1.32295111275522,2
12,-4.61788270828916,1
13,-1.25864862806017,2
14,2.89851656106126,3
15,-0.097369267513081,2
16,-3.50219871834286,1
17,-1.89015186107028,1
18,0.550043961214136,2
19,4.14641717866796,3
20,-3.09031959396585,1
21,3.39646875221166,3
22,-2.44608234646241,1
23,2.90044905829725,3
24,0.790385343888228,2
25,-2.26005248912267,1
26,-2.22003488166368,1
27,1.48403093155628,2
28,2.15152722466233,3
29,1.38051452831454,2
30,-0.996838982378005,2
31,5.27657868146766,3
32,4.47491171403405,3
33,-1.39527434979947,2
34,0.636124035182148,2
35,-4.4438931609718,1
36,-3.61116591668042,1
37,4.37114795975966,3
38,0.659902638142608,2
39,-0.414588726363674,2
40,3.97030602895016,3
41,-2.7855546904184,1
42,3.86812508817598,3
43,3.80584759067954,3
44,3.1813302224802,3
45,-1.74618507893007,1
46,-4.25127136162494,1
47,5.15293622555862,3
48,-4.06332613397119,1
49,0.568288620777074,2
50,4.27627455654334,3
51,-2.24594621481548,1
52,5.84326625457782,3
53,-0.450338623924712,2
54,-1.73681482391051,1
55,6.00668069083189,3
56,-3.34965038795355,1
57,-4.12310858320335,1
58,0.653257679471381,2
59,-0.873071000417464,2
60,-1.08758071407693,2
61,-1.19736350236541,2
62,4.24104593250122,3
63,-0.550223741489138,2
64,0.373241434166406,2
65,1.54758105898377,2
66,2.24893248060392,3
67,4.45746207935745,3
68,3.54223946675949,3
69,-1.09278720910151,2
70,4.51147075469813,3
71,0.310230256060896,2
72,0.941165806724167,2
73,-3.0713080861236,1
74,0.492228570064431,2
75,3.47738330280408,3
76,2.55796535364155,3
77,-1.09089643078252,1
78,3.4026699086372,3
79,1.6875894829457,2
80,0.840539826961,2
81,0.374643568004988,2
82,-3.23570035910048,1
83,5.07051603677834,3
84,-0.774144929605405,2
85,0.883302819948705,2
86,-3.2362795689411,1
87,4.14245843204579,3
88,0.221019468561002,2
89,-2.74668148600525,1
90,-0.0966860732067051,2
91,4.56204139009905,3
92,0.410275096490425,2
93,4.31322877199433,3
94,0.170588081840838,2
95,-1.00563625951084,2
96,1.33551761505939,2
97,4.78713361432271,3
98,4.43109892811499,3
99,-1.89007971028636,1
100,-0.0974512501056172,2
101,-1.94151837604062,2
102,-3.29507148299227,1
103,-2.74311629084347,1
104,-2.60169967025765,2
105,-3.25609219219825,1
106,-1.63637926805902,2
107,-0.834188231584378,2
108,-1.16865142442436,2
109,-3.49103116605654,1
110,4.146708484145,3
111,-1.18155922705569,2
112,0.639491997900534,2
113,3.98895417019063,3
114,0.381425829451352,2
115,0.174726396981842,2
116,0.386026568349676,2
117,3.91002480298434,3
118,2.96186896031279,3
119,0.267835015331683,2
120,0.866366132112773,2
121,-0.675482291592071,2
122,5.36813264802863,3
123,-3.66476943527406,1
124,6.32086022399448,3
125,-0.127148606825662,2
126,1.24991457096922,2
127,-3.49929201717226,1
128,-1.41202579265831,2
129,-3.38047100101238,1
130,-2.80977467896054,2
131,0.52491427931929,2
132,4.09658583408244,3
133,4.9044354644497,3
134,0.65119328158767,2
135,4.82150678044862,3
136,1.07401226028199,2
137,-0.113639895506141,2
138,4.39439484798058,3
139,3.81479783059901,3
140,-0.105671334003774,2
141,-1.3538343357226,2
142,1.01494317274366,2
143,5.63905190875156,3
144,0.289344028817336,2
145,3.4189326194335,3
146,-2.9152627078028,1
147,0.0993275940878275,2
148,4.98605822106025,3
149,4.81882813653178,3
150,0.825379862759243,2
151,0.834401567757039,2
152,2.43471823496947,3
153,0.207381157385307,2
154,-2.01421049792072,2
155,0.704167283929716,2
156,-4.01559257860354,1
157,2.22002271203238,3
158,-0.162421942479419,2
159,-0.526925176125598,2
160,3.35643261297289,3
161,-1.45646591707643,2
162,4.66515987574597,3
163,3.91708005766077,3
164,-3.05556196552454,1
165,3.3462201752399,3
166,5.01283433584425,3
167,-2.64018617294264,1
168,-1.45897072853692,2
169,-0.239351567138116,2
170,2.83038473958589,3
171,-4.2847157223178,1
172,1.0267850560749,2
173,-0.390684978638979,2
174,-2.96221160082892,1
175,-2.93470696647468,1
176,1.21810861032581,2
177,-3.41685758816043,1
178,0.849643045633355,2
179,-3.28477300705101,1
180,-3.24669187846237,1
181,-3.62790607603937,1
182,-1.48352939557046,1
183,-0.435645469691905,2
184,-4.51466765378175,1
185,1.5466091542241,2
186,3.64754680077204,3
187,0.586735339092625,2
188,-4.68669331074241,1
189,1.40405026771417,2
190,-3.03406725373846,1
191,-0.577468001059557,2
192,-0.108280091234486,2
193,1.27226677946852,2
194,4.27631553213579,3
195,-3.06191171057672,1
196,1.73863376690625,2
197,-3.99250715039204,1
198,0.181847192619832,2
199,3.73229357844292,3
200,0.563867390305884,2
201,5.0966084717214,3
202,0.769052294995609,2
203,-2.10487433895498,1
204,1.370003993971,2
205,4.7898179218205,3
206,3.47276574276608,3
207,0.358855723093152,2
208,-3.74133609627283,1
209,0.711601922486244,2
210,4.046733527518,3
211,-3.49055744370067,1
212,-0.0512978861253612,2
213,3.8138793006265,3
214,-2.31135974589991,1
215,-3.86551286265337,1
216,0.57872237461645,2
217,-2.9469957732695,1
218,-0.782201845619403,2
219,-0.265651625278222,2
220,1.23569346230014,2
221,0.624187472020653,2
222,0.532989286826481,2
223,0.533259362753652,2
224,0.241039934942405,1
225,3.02800578852407,3
226,3.00949236953344,3
227,5.51649060169196,3
228,-1.77591820256054,1
229,-1.32430306759681,1
230,2.37814174087579,3
231,-0.573560270768283,2
232,4.96785920994706,3
233,3.56317002308688,3
234,0.314057663506262,2
235,-3.70920076258239,1
236,2.03757401824044,2
237,-0.102346513520598,2
238,-0.0867141349819251,2
239,0.641830027651616,2
240,-0.0160025272079689,2
241,-0.375602871669773,2
242,0.38230514254637,2
243,-2.45160304049193,1
244,-1.94295641358195,2
245,-0.629578742686005,2
246,-3.18292538837273,1
247,0.0471544327615272,2
248,-2.56347652108982,1
249,0.756406438545484,2
250,0.632960713031451,2
251,0.118849433004561,2
252,-1.21308686319692,1
253,-1.79028123726406,2
254,-0.197264869076299,2
255,1.21001051044026,2
256,-0.781739711532082,2
257,4.85520220506419,3
258,-2.2490510903324,2
259,0.403290331220696,2
260,-0.522912376313422,2
261,-2.55179022137057,1
262,-0.949915314372856,1
263,0.751061302606323,2
264,5.65517581574201,3
265,-0.63474826490891,2
266,-0.69842066759439,2
267,-1.54044240529001,2
268,5.53843019889679,3
269,4.3952958700135,3
270,2.8607993600266,3
271,-0.397030520327837,2
272,-2.5390837940108,1
273,-0.088565112138884,2
274,-2.59922854940595,1
275,-0.0936367939110456,2
276,-3.1790515943802,1
277,1.50390060900454,2
278,-0.348472448955611,2
279,-1.99426147553774,1
280,-3.10097488532881,1
281,-0.555278351313252,2
282,-2.88075476357242,1
283,-2.12186651246696,1
284,2.78605552976049,3
285,2.45806049186527,2
286,0.856923010899318,2
287,-1.18843403514798,2
288,0.914773270855634,2
289,0.139097857161771,2
290,-0.849061135016708,2
291,-0.22622198144241,2
292,-1.50393933015365,1
293,-3.89536335797754,1
294,-0.899891059474328,1
295,-1.86866278658582,1
296,-0.219050378933476,2
297,-3.78860283785024,1
298,-0.589481038515,2
299,-0.212848278646528,2
300,-2.36343032596615,1
301,-1.46738937381481,1
302,0.990262246044231,2
303,0.664415863694087,2
304,3.3131843475573,3
305,1.96624801545563,2
306,-2.66092279846568,2
307,-4.4617555849959,1
308,-0.0608219546600742,2
309,4.4605913494781,3
310,-1.72673039911433,2
311,0.483617533838269,2
312,-4.02600444830724,1
313,1.44146175605504,2
314,3.78669285676693,3
315,1.37857013695924,2
316,6.6848589992268,3
317,-3.32593158553123,1
318,4.05473652505743,3
319,0.0745511771737346,2
320,-3.41433994791886,1
321,0.959005377787825,2
322,-2.22498769648741,2
323,3.95143164724371,3
324,0.53539884086815,2
325,-3.9474746141848,1
326,4.27687245886161,3
327,2.07485474816288,3
328,-0.295157800883577,2
329,-4.57214415914549,1
330,3.23539398624643,3
331,-3.62503926784926,1
332,-2.87071226483905,1
333,3.5859841369577,3
334,6.29961936115445,3
335,2.81471118941278,3
336,0.189426237514811,2
337,1.85991086154316,2
338,-3.68800861646736,1
339,-0.092941018479472,2
340,-0.830811527336248,2
341,0.845013004067436,2
342,1.67105482886294,2
343,3.87960617537751,3
344,-1.66747509758566,2
345,2.90150999290988,3
346,2.87539632874176,3
347,0.8993540532031,2
348,-0.27594516842554,2
349,-0.78896321811123,2
350,-4.31701613230524,1
351,1.30019867766682,2
352,-3.22577098565927,1
353,-1.41528191976949,2
354,0.205561208449975,2
355,4.15615570727533,3
356,-0.0330361592759917,2
357,-2.57353577852319,1
358,-4.66794193658814,1
359,4.67576241547425,3
360,4.4770372382847,3
361,-2.66779742104988,1
362,0.216152541801233,2
363,4.2062940448431,3
364,0.066700870930183,2
365,-3.33320738366942,1
366,-0.895947822756499,2
367,-5.30916887564081,1
368,2.14738317575827,3
369,3.42458235872883,3
370,1.23667580008161,2
371,3.78549548460023,3
372,-0.571850057895563,2
373,4.14362323466275,3
374,1.12507189227799,2
375,0.107190407016153,2
376,1.86685184470686,2
377,-1.9617075988853,2
378,-0.489870453138474,2
379,-1.34909253266331,1
380,4.54128414348235,3
381,4.0697662309003,3
382,1.06109525326174,2
383,4.19627804547247,3
384,-2.05222282043373,2
385,5.0453056639633,3
386,-0.484987596562325,2
387,-0.0143074131669134,2
388,-2.23095775899909,1
389,-3.48378062570874,1
390,0.961264151809677,2
391,2.33207195422068,3
392,4.31045008054165,3
393,-4.01857538310709,1
394,5.48377948873809,3
395,-2.89432380585106,1
396,-0.343917234128459,2
397,-3.70459646368007,1
398,1.29408390614558,2
399,0.0904966471392212,2
400,0.378423903636832,2
401,-1.06349790638204,2
402,4.05621484938284,3
403,3.64908217280693,3
404,-3.05402812508544,1
405,-3.34754259939773,1
406,-0.105784167649752,2
407,0.504126254591608,2
408,-0.561876363549783,2
409,-1.75323735914227,2
410,-0.678503145418437,2
411,-3.11945260663066,1
412,4.29959368473956,3
413,-0.0914342755501383,2
414,-2.6682180360843,1
415,0.273766491036548,2
416,0.164840867918466,2
417,-3.26219748940247,1
418,3.13396225532789,3
419,4.38836516281937,3
420,-2.63103547261491,1
421,-2.29864409843631,1
422,-2.02302661331438,1
423,-1.08999187241124,2
424,-2.88235340289987,1
425,-4.00837660827701,1
426,2.00248273029283,2
427,-0.463987242966015,2
428,-2.92949160857542,1
429,3.92437491922016,3
430,-2.17841891836251,1
431,-2.48059279605654,1
432,-0.468699779782087,2
433,-0.214041239985383,2
434,-0.557215481941608,2
435,-1.15613799476779,1
436,0.863648434157753,2
437,3.15541657146405,3
438,-0.517982430167822,2
439,-1.85557165391804,2
440,-0.056055946186268,2
441,-2.67569565583862,1
442,-0.116302517158606,2
443,6.16141584630279,3
444,4.53979060553627,3
445,-1.28493501311672,1
446,-0.131802793041181,2
447,1.62688121419468,2
448,5.22096370834882,3
449,0.411429920615731,2
450,-4.09599626707466,1
451,4.79760065758952,3
452,2.68177927254091,3
453,-0.893207570054953,2
454,0.817659446374088,2
455,0.871964954078744,2
456,1.18118089143852,2
457,-1.26068287881877,2
458,-2.62036051724012,1
459,0.480625599875217,2
460,-1.11989972139762,2
461,0.589982679367313,2
462,-0.202240855110284,2
463,-2.54849594692079,1
464,-2.69884663783329,1
465,-1.31651040165169,2
466,0.917174917641003,2
467,1.13939629170942,2
468,1.11464854536198,2
469,-2.15764633501528,2
470,-1.45082431349063,2
471,-3.64070600830538,1
472,0.736495964773442,2
473,2.65775687471655,3
474,-1.52931053118042,2
475,-0.354542403073978,2
476,-0.828174270396797,2
477,-0.190516802042901,2
478,0.846436285579692,2
479,-2.99423581410011,1
480,4.3013136517184,3
481,4.00269166123012,3
482,4.27962786243176,3
483,0.0246749828261399,2
484,4.2435327187603,3
485,3.6781074138172,3
486,-3.28039533517025,1
487,-3.0285467553487,1
488,-2.21226115252482,1
489,0.120719329287034,2
490,-0.728219111191287,2
491,-3.57397347929799,1
492,1.30117599220059,2
493,4.06424355663004,3
494,-0.996780742207522,2
495,3.6945303600902,3
496,-1.03968035270204,2
497,-2.45680594076791,1
498,-0.446557216427222,2
499,-1.72830451532074,2
500,-0.616435842873528,2
501,0.881178808925443,2
502,2.41677335378821,2
503,-0.715242187222796,2
504,4.91120967677132,3
505,-0.574394552184383,2
506,-1.24104449680849,2
507,-2.78405843125603,1
508,-3.788621970854,1
509,3.80411075117017,3
510,1.04662884711155,2
511,-1.68758702356649,1
512,1.07494507727239,2
513,-0.52111731755252,2
514,0.230616830631202,2
515,2.38222623461877,3
516,-2.95876707800706,1
517,0.0560167332749619,2
518,-3.5023234531093,1
519,2.82330784225027,3
520,3.29899638774673,3
521,2.92579339046965,3
522,-3.60025958714713,1
523,-2.90541647182643,1
524,-3.37066003179241,1
525,5.48783783187804,3
526,-3.30596266373992,1
527,-4.13813693701195,1
528,-0.281482115038967,2
529,2.99462241840659,3
530,1.18718681065156,2
531,-0.718466221319259,2
532,3.92232679938944,3
533,5.13105465184602,3
534,-0.938538703606894,2
535,-0.0752631976487263,2
536,-3.72306596993987,1
537,5.82853045813536,3
538,0.683745521850712,2
539,0.510132546878663,2
540,5.6155453232072,3
541,2.08671743449315,2
542,-3.32468591149083,1
543,-3.2179749146583,1
544,0.37738797302393,2
545,2.64889961429667,3
546,2.11367484126745,3
547,-4.54875280423022,1
548,1.0191570693309,2
549,-1.76752412151466,1
550,0.034551067133851,2
551,-0.734799251921281,2
552,-3.7104065636993,1
553,-3.44116321690529,1
554,0.0912673834882354,2
555,3.7985418530285,3
556,0.237430272491026,2
557,-4.26015524475811,1
558,2.69171400324612,2
559,-3.23017748948328,1
560,-0.871548100983819,1
561,4.22071129097065,3
562,0.464967990785853,2
563,-1.36470945798691,2
564,-1.90316098685065,1
565,0.456236403179813,2
566,3.90258750149737,3
567,0.250247821348331,2
568,3.77503872895588,3
569,2.98588582733853,3
570,-0.352046456582617,2
571,0.911391291795963,2
572,-2.29241164616441,1
573,-0.388779864071743,2
574,-0.993698591098714,2
575,2.38292669523033,2
576,0.684309429416464,2
577,-2.07848926886002,2
578,-1.5091665373287,2
579,3.20048604642347,3
580,-4.26506123460653,1
581,0.0192592746253708,2
582,-1.75652739555764,2
583,-0.101883255715222,2
584,-1.35807905937061,2
585,0.71517840711106,2
586,0.331179172958982,2
587,6.30506198204569,3
588,4.18875310932983,3
589,-0.199889828101433,2
590,0.712842320031113,2
591,0.157353347216158,2
592,3.67725363817489,3
593,4.00285604762223,3
594,2.30789847913092,3
595,0.703523902756894,2
596,0.378167772208507,2
597,3.40700263434468,3
598,0.629711746692728,2
599,4.56226734540307,3
600,0.211980433372292,2
601,0.884250820028209,2
602,2.29307897383109,2
603,0.605370668930333,2
604,1.12500274582817,2
605,-0.2052992574682,2
606,2.13977242578158,3
607,-0.184308868842384,2
608,1.68443570809411,2
609,0.373004655804915,2
610,-2.58101759507554,1
611,0.800914339573062,2
612,1.72426223915645,2
613,4.45457780905774,3
614,3.48324055025627,3
615,0.0892072230732945,2
616,-2.29821566462529,1
617,0.740900011274274,2
618,-1.18620658531375,2
619,-1.04470603450754,1
620,-1.07742065311198,2
621,-0.380956739294013,2
622,-0.974009582804091,2
623,-3.68685285189353,1
624,1.9623175055592,3
625,-4.22071771225453,1
626,-1.05251327933874,2
627,-2.07773253212026,1
628,-1.85119238154891,1
629,5.62362120768023,3
630,1.51921771138818,2
631,4.26036149073656,3
632,0.60877901173463,2
633,-1.43850664491452,2
634,-1.79203800169501,1
635,-0.783515789013048,2
636,3.91791309622428,3
637,4.74229702418652,3
638,-3.65194990169546,1
639,-0.210734180691776,2
640,1.16525338994626,2
641,-3.21538050764169,1
642,-0.29409532715611,2
643,-0.427279287205429,2
644,0.174802700161256,2
645,-2.68951925055686,1
646,-0.239029068152564,2
647,-1.36403745208238,2
648,-3.19717589434855,1
649,3.973981365226,3
650,3.55406497278784,3
651,3.83671506777071,3
652,0.00168368848420991,2
653,-0.227684064895531,2
654,5.21458879448256,3
655,0.438818700714454,2
656,4.33336997015518,3
657,2.43022665234451,2
658,4.88674903709606,3
659,0.454769268982633,2
660,3.72154597503641,3
661,-0.200781015589121,2
662,-3.69470697892051,1
663,-3.56047564655221,1
664,-0.133150964328944,2
665,-2.88931728405488,1
666,1.77950290977515,2
667,0.989971608627113,2
668,3.82936038176139,3
669,4.95536563973041,3
670,3.80822519089006,3
671,0.333902942499225,2
672,5.08461700867092,3
673,-2.70177240845928,1
674,-0.17990623104754,2
675,3.20868612118053,3
676,-0.538809159977592,2
677,3.07848395713042,3
678,0.205597504483387,2
679,2.39745248004976,2
680,-2.92203915043629,1
681,-1.55544914157665,1
682,-0.287340799840693,2
683,4.41276949719403,3
684,1.08079949615152,2
685,4.28387890635235,3
686,-0.945408831123893,2
687,-0.506333542189239,2
688,-1.54777654363757,2
689,-1.15591652508367,2
690,5.59336995138365,3
691,-3.47279140772793,1
692,-3.5309065221703,1
693,1.65191539162316,2
694,4.36501875143304,3
695,2.88358358806646,3
696,6.57544976372339,3
697,3.84170597130006,3
698,1.05418102337692,2
699,2.84383260574015,3
700,-4.06782370598684,1
701,-0.601506708006782,2
702,-2.76461342771514,1
703,-1.42056550469574,2
704,5.05432227197535,3
705,-2.48313795568639,1
706,-1.22292617936591,2
707,0.0072900903168988,2
708,-0.752688968217742,2
709,-2.61471959887367,1
710,0.864152486225893,2
711,-0.904215025620639,2
712,-1.03895644030703,2
713,-2.11534950102308,1
714,-2.05233698390195,2
715,-4.13730362066574,1
716,3.89028967882376,3
717,6.48799787722146,3
718,3.72092782921269,3
719,-2.5648185091662,1
720,-2.9402500626154,1
721,-0.316415868196993,2
722,-2.75631257040091,1
723,-1.04167329428932,2
724,1.23667504641657,2
725,-4.23627311888329,1
726,1.43040234118818,2
727,4.82592290164749,3
728,-4.07179122647558,1
729,-0.732853806297125,2
730,-1.19862235906875,2
731,5.87786402105219,3
732,4.35628334486205,3
733,0.364114687355063,2
734,1.16838387306909,2
735,0.0315260045939917,2
736,-0.30174666386638,2
737,0.227291921672942,2
738,-0.0288415529283144,2
739,-3.44566197009996,1
740,-3.22048656181875,1
741,0.15168050450932,2
742,0.271066756750545,2
743,-0.693304527930666,2
744,1.02467323481835,2
745,-2.87614575615539,1
746,0.10107915139528,2
747,-0.492937424161977,2
748,0.882465164396587,2
749,4.36874205801119,3
750,-1.00278661525203,1
751,0.986365859895462,2
752,-0.482676821796308,2
753,-3.45836533271111,1
754,0.430284696359987,2
755,-2.35562345148117,1
756,1.71230497731928,2
757,3.23051507710972,3
758,0.178190188418023,2
759,0.127992965684126,2
760,-0.656742925361075,2
761,-0.0333303422759193,2
762,0.190230315692457,2
763,1.01755863695209,2
764,3.08643395183501,3
765,0.310016986578952,2
766,3.27922636817988,3
767,0.844904241408072,2
768,5.66599089998742,3
769,-2.07075107054196,2
770,0.518503765888248,2
771,0.845731540189296,2
772,1.88879162673947,3
773,0.16532102124205,2
774,4.23111493441816,3
775,0.498658043829925,2
776,-0.727383529087535,2
777,-1.94728853442067,1
778,0.420574188698147,2
779,6.55302611346059,3
780,-1.09763817832107,1
781,-0.721604440436015,2
782,-3.71721816157401,1
783,-0.812667006983423,1
784,-3.95161856726502,1
785,-3.57534696260839,1
786,-4.28703047603518,1
787,-0.32132484216839,2
788,0.226324942381064,2
789,-0.155345347144399,2
790,-0.273248106811925,2
791,-0.209793171228509,2
792,-4.31080153332797,1
793,-4.46064007092482,1
794,-2.16221295550548,1
795,2.32887294135776,3
796,2.77101382244619,3
797,-2.50214952177076,1
798,5.24642390866165,3
799,-0.875255477495516,2
800,-0.647045631318269,2
801,0.0204507085250325,2
802,1.63356842140831,2
803,-4.26539635156826,1
804,2.79155727955693,3
805,-3.51606383094478,1
806,4.10091985901286,3
807,-0.028395054749065,2
808,-0.437159533180399,2
809,0.712703325244282,2
810,0.121318377490778,2
811,-1.38804904760206,2
812,3.72773246558165,3
813,2.37473471509539,2
814,0.748081162493843,2
815,-2.38201418283347,1
816,-1.5329020028906,2
817,-0.558456912348133,2
818,-3.78153648705475,1
819,-1.63139771598554,1
820,-1.04168885898951,2
821,-5.05324722154052,1
822,-1.44129168585088,1
823,-3.04287045729132,1
824,-2.31208322702417,1
825,0.0261002253262418,2
826,-1.99274848868858,2
827,-0.051981906180899,2
828,0.0651539325793032,2
829,-0.608557178316224,2
830,3.85873824271749,3
831,-2.41538625036393,1
832,-2.46589819376003,2
833,0.011129187220888,2
834,4.58983592295876,3
835,-2.78546117337078,1
836,4.35558761162838,3
837,-3.84970434603358,1
838,0.0209835863542375,2
839,0.62203323587106,2
840,-3.72889122929114,1
841,-0.12270866097738,2
842,-1.61403945661912,2
843,-0.41367651359212,2
844,-2.00649614403788,1
845,-1.5160676231511,2
846,-3.73852770473957,1
847,0.778860029783535,2
848,0.126315858458886,2
849,-1.94365090132398,2
850,4.79738050054984,3
851,4.15670298737573,3
852,-2.84662688216348,1
853,3.40810789778719,3
854,-3.37458085776701,1
855,2.50130174547324,3
856,-1.65054654342511,2
857,0.582991405680064,2
858,-3.2079172780196,1
859,-2.21063311057562,2
860,4.81340037407907,3
861,-3.13889136243904,1
862,-1.65104889568819,2
863,0.428166764970505,2
864,0.962527968484271,2
865,3.54160986090761,3
866,3.77867384683312,3
867,5.01645521770216,3
868,0.630754115650567,2
869,0.756774763795962,2
870,3.96346277779526,3
871,1.64084616597749,2
872,-0.444781978336992,2
873,-1.33877428723497,2
874,4.78945985279018,3
875,-0.80118965111628,1
876,0.740814523725905,2
877,0.118144511046681,2
878,-2.51454002109512,1
879,2.57145814586664,2
880,0.150120131188143,2
881,-0.693094614010595,2
882,0.865779404334488,2
883,0.0721667524147558,2
884,2.61051647601184,3
885,4.21395797964226,3
886,-0.0792117092585883,2
887,1.14526311038036,2
888,0.397842208800339,2
889,3.24060188270112,3
890,4.61656781747743,3
891,-2.39929117632758,1
892,0.168065383884657,2
893,4.14410466246219,3
894,-0.0951474508492868,2
895,-4.96661715662964,1
896,3.39548676966588,3
897,-2.39203567777497,1
898,-4.60153617357459,1
899,-3.96185663413013,1
900,2.31408354546126,3
901,-0.299762496646272,2
902,3.34198979205052,3
903,0.134038645368463,2
904,-1.63934755146999,1
905,-0.853623696727242,2
906,1.01067796451426,2
907,-0.831044034661487,1
908,0.346103619553607,2
909,-2.69647135859574,1
910,-2.08100339093923,1
911,2.57889155249551,3
912,-3.04502772480892,1
913,1.97541905401908,2
914,0.300038545205798,2
915,-3.40288483529908,1
916,4.64751335797759,3
917,0.318390260408025,2
918,1.02025301216443,2
919,-3.46665535362322,1
920,5.31782088371148,3
921,-2.43701046677952,1
922,3.78784946791805,3
923,0.32040231431661,2
924,-0.645113956859792,2
925,-0.601892845985016,2
926,-1.35090268603071,2
927,1.94585121773144,2
928,3.37543252638191,3
929,0.6608202977898,2
930,-0.395797950288896,2
931,-0.461038338884354,2
932,5.04908662655933,3
933,-3.78490446945708,1
934,-3.59461726745951,1
935,-0.326143892505348,2
936,-3.38022652028776,1
937,4.61645571635144,3
938,2.04179482534308,3
939,-3.55584113475408,1
940,4.78417087909434,3
941,1.32821469603699,2
942,0.67069596873393,2
943,-3.42249683233962,1
944,-1.9744286303033,1
945,1.08477508986065,2
946,-4.18548008459731,1
947,0.286424419628825,2
948,3.90451240955501,3
949,-0.349754239211268,2
950,3.99593934656366,3
951,-1.13558847037434,2
952,0.079501995328401,2
953,-2.76126826488856,1
954,0.552157714218558,2
955,-0.330544700119963,2
956,3.33739272429919,3
957,-3.08336906647183,1
958,-0.453197829994837,2
959,5.44566224110115,3
960,-4.02642090030678,1
961,1.1107114182028,2
962,-4.02412879060491,1
963,4.90351642636168,3
964,-0.829477611624518,2
965,3.64002488205694,3
966,-1.2175999877636,2
967,2.9414094640516,3
968,3.9224610332088,3
969,5.95072100640115,3
970,0.538482032102641,2
971,4.29908690333615,3
972,3.63164742487349,3
973,-0.0273469664137418,2
974,4.64979186715352,3
975,1.39957618540294,2
976,4.23363361408987,3
977,-4.04917700666607,1
978,-0.0735560191364783,2
979,-1.05501704260268,2
980,1.19160126851033,2
981,0.982113002522641,2
982,1.49208219780275,3
983,0.435288948907682,2
984,-1.32775547560413,2
985,2.54115058556191,3
986,0.967267260167914,2
987,-1.50775731753668,2
988,-4.35984070382139,1
989,-2.64314895202898,2
990,5.51239542683245,3
991,4.07987381867405,3
992,-3.57438868976327,1
993,4.45735733162533,3
994,3.7508093222446,3
995,0.476133278302629,2
996,-2.81869652025085,1
997,-3.47624689461558,1
998,-3.37243875610383,1
999,0.144475704710697,2
1000,-0.285845423591384,2
